epoch,train_loss,val_loss,val_acc
1,2.302508056163788,2.6385729965209963,0.4099
