epoch,train_loss,val_loss,val_acc
1,1.7759462371468544,1.1338446704864502,0.593
2,1.0795535668730736,0.8275243797302246,0.722
1,1.7759462371468544,1.1338446704864502,0.593
2,1.0795535668730736,0.8275243797302246,0.722
