epoch,train_loss,val_loss,val_acc
1,1.74213445186615,1.3322849868774413,0.6319
2,0.9563283212482929,0.8506092265129089,0.6985
1,2.127682402729988,1.7205032724380493,0.5225
2,1.42496657371521,1.5593477548599244,0.6367
1,1.74213445186615,1.3322849868774413,0.6319
2,0.9563283212482929,0.8506092265129089,0.6985
