epoch,train_loss,val_loss,val_acc
1,1.74213445186615,1.3322849868774413,0.6319
2,0.9563283212482929,0.8506092265129089,0.6985
