step,kl,pi_loss,vf_loss,entropy
0,0.05172823742032051,0.0,0.09688448160886765,1.5942856073379517
0,0.05172823742032051,0.0,0.09688448160886765,1.5942856073379517
0,0.05172823742032051,0.0,0.09688448160886765,1.5942856073379517
0,0.05172823742032051,0.0,0.09688448160886765,1.5942856073379517
0,0.05172823742032051,0.0,0.09688448160886765,1.5942856073379517
0,0.05172823742032051,0.0,0.09688448160886765,1.5942856073379517
0,0.05172823742032051,0.0,0.09688448160886765,1.5942856073379517
0,0.05172823742032051,0.0,0.09688448160886765,1.5942856073379517
