lr,momentum,weight_decay,batch_size,epochs,subset_train,seed,train_loss,val_loss,val_acc,params
0.05,0.0,0.0,128,1,1000,0,2.1397644579410553,1.8778737520217896,0.3643,50186
0.1,0.0,0.0,128,1,1000,0,2.0450044721364975,1.7282280172348023,0.414,50186
